{
  "timestamp": "2026-04-19T22:45:09.833305",
  "records": 120,
  "q_mean": 26.733333333333334,
  "q_std": 3.863792034891227,
  "peak_threshold": 32.52902138567018,
  "peaks_detected": 8,
  "prediction_accuracy": 0.9488961038961039,
  "next_q_prediction": 40.49978634,
  "prediction_error": 2.8270584340762186,
  "trend": 4.666666666666664,
  "dominant_frequencies": [
    {
      "freq": 0.016666666666666666,
      "power": 145.13433317882226
    },
    {
      "freq": 0.025,
      "power": 134.59098363684254
    },
    {
      "freq": 0.041666666666666664,
      "power": 131.03073510545045
    }
  ],
  "recent_10_q": [
    27.0,
    27.0,
    33.0,
    35.0,
    38.0,
    39.0,
    35.0,
    38.0,
    38.0,
    50.0
  ]
}